Workbook

Sheet Raw Data
A1: Source Month | B1: Source File | C1: Sl. No. | D1: Regions | E1: State | F1: Sector Category | G1: Category | H1: Stations | I1: Monitored Capacity (MW) - Col (1) | J1: Target April 2023 to Mach 2024 - Col (2) | K1: July` 2023 - Program - Col (3) | L1: July` 2023 - Actual - Col (4) | M1: July` 2023 - Actual Same Month 2022-23 - Col (5) | N1: July` 2023 - % of Program Col. (4/3) - Col (6) | O1: July` 2023 - % of Last Year Col. (4/5) - Col (7) | P1: April` 2023 to July` 2023 - Program - Col (8) | Q1: April` 2023 to July` 2023 - Actual - Col (9) | R1: April` 2023 to July` 2023 - Actual Same Period 2022-23 - Col (10) | S1: April` 2023 to July` 2023 - % of Program Col. (9/8) - Col (11) | T1: April` 2023 to July` 2023 - % of Last Year Col. (9/10) - Col (12) | U1: Plant Load Factor (%) - July` 2023 - Program - Col (13) | V1: Plant Load Factor (%) - July` 2023 - Actual - Col (14) | W1: Plant Load Factor (%) - July` 2023 - Actual Same Month 2022-23 - Col (15) | X1: Plant Load Factor (%) - April` 2023 to July` 2023 - Program - Col (16) | Y1: Plant Load Factor (%) - April` 2023 to July` 2023 - Actual - Col (17) | Z1: Plant Load Factor (%) - April` 2023 to July` 2023 - Actual Same Peroid 2022-23 - Col (18)
A2: July 2023 | B2: power_generation_2023_07_july.csv | C2: 1 | D2: Northern Region | E2: Delhi | F2: State Sector | G2: I.P.CCPP | H2: NA | I2: 270 | J2: 175 | K2: 12 | L2: 27.58 | M2: 27.58 | N2: 229.83 | O2: 100 | P2: 65 | Q2: 108.45 | R2: 115.04 | S2: 166.85 | T2: 94.27 | U2: NA | V2: NA | W2: NA | X2: NA | Y2: NA | Z2: NA
A3: July 2023 | B3: power_generation_2023_07_july.csv | C3: 2 | D3: Northern Region | E3: Delhi | F3: State Sector | G3: IPGCL | H3: Natural Gas | I3: 270 | J3: 175 | K3: 12 | L3: 27.58 | M3: 27.58 | N3: 229.83 | O3: 100 | P3: 65 | Q3: 108.45 | R3: 115.04 | S3: 166.85 | T3: 94.27 | U3: NA | V3: NA | W3: NA | X3: NA | Y3: NA | Z3: NA
A4: July 2023 | B4: power_generation_2023_07_july.csv | C4: 3 | D4: Northern Region | E4: Delhi | F4: State Sector | G4: PRAGATI CCGT-III | H4: NA | I4: 1500 | J4: 4100 | K4: 342 | L4: 91.46 | M4: 214.86 | N4: 26.74 | O4: 42.57 | P4: 1408 | Q4: 468.99 | R4: 1110.39 | S4: 33.31 | T4: 42.24 | U4: NA | V4: NA | W4: NA | X4: NA | Y4: NA | Z4: NA
A5: July 2023 | B5: power_generation_2023_07_july.csv | C5: 4 | D5: Northern Region | E5: Delhi | F5: State Sector | G5: PRAGATI CCPP | H5: NA | I5: 330.4 | J5: 1500 | K5: 119 | L5: 121.82 | M5: 132.37 | N5: 102.37 | O5: 92.03 | P5: 576 | Q5: 337.64 | R5: 565.24 | S5: 58.62 | T5: 59.73 | U5: NA | V5: NA | W5: NA | X5: NA | Y5: NA | Z5: NA
A6: July 2023 | B6: power_generation_2023_07_july.csv | C6: 5 | D6: Northern Region | E6: Delhi | F6: State Sector | G6: PPCL | H6: Natural Gas | I6: 1830.4 | J6: 5600 | K6: 461 | L6: 213.28 | M6: 347.23 | N6: 46.26 | O6: 61.42 | P6: 1984 | Q6: 806.63 | R6: 1675.63 | S6: 40.66 | T6: 48.14 | U6: NA | V6: NA | W6: NA | X6: NA | Y6: NA | Z6: NA
A7: July 2023 | B7: power_generation_2023_07_july.csv | C7: 6 | D7: Northern Region | E7: Delhi | F7: State Sector | G7: State Sector | H7: Natural Gas | I7: 2100.4 | J7: 5775 | K7: 473 | L7: 240.86 | M7: 374.81 | N7: 50.92 | O7: 64.26 | P7: 2049 | Q7: 915.08 | R7: 1790.67 | S7: 44.66 | T7: 51.1 | U7: NA | V7: NA | W7: NA | X7: NA | Y7: NA | Z7: NA
A8: July 2023 | B8: power_generation_2023_07_july.csv | C8: 7 | D8: Northern Region | E8: Delhi | F8: Pvt Sector | G8: RITHALA CCPP | H8: NA | I8: 108 | J8: 0 | K8: 0 | L8: 0 | M8: 0 | N8: 0 | O8: 0 | P8: 0 | Q8: 0 | R8: 0 | S8: 0 | T8: 0 | U8: NA | V8: NA | W8: NA | X8: NA | Y8: NA | Z8: NA
A9: July 2023 | B9: power_generation_2023_07_july.csv | C9: 8 | D9: Northern Region | E9: Delhi | F9: Pvt Sector | G9: TPDDL | H9: Natural Gas | I9: 108 | J9: 0 | K9: 0 | L9: 0 | M9: 0 | N9: 0 | O9: 0 | P9: 0 | Q9: 0 | R9: 0 | S9: 0 | T9: 0 | U9: NA | V9: NA | W9: NA | X9: NA | Y9: NA | Z9: NA
A10: July 2023 | B10: power_generation_2023_07_july.csv | C10: 9 | D10: Northern Region | E10: Delhi | F10: Pvt Sector | G10: Pvt Sector | H10: Natural Gas | I10: 108 | J10: 0 | K10: 0 | L10: 0 | M10: 0 | N10: 0 | O10: 0 | P10: 0 | Q10: 0 | R10: 0 | S10: 0 | T10: 0 | U10: NA | V10: NA | W10: NA | X10: NA | Y10: NA | Z10: NA
A11: July 2023 | B11: power_generation_2023_07_july.csv | C11: 10 | D11: Northern Region | E11: Delhi | F11: Pvt Sector | G11: Total | H11: Natural Gas | I11: 2208.4 | J11: 5775 | K11: 473 | L11: 240.86 | M11: 374.81 | N11: 50.92 | O11: 64.26 | P11: 2049 | Q11: 915.08 | R11: 1790.67 | S11: 44.66 | T11: 51.1 | U11: NA | V11: NA | W11: NA | X11: NA | Y11: NA | Z11: NA
A12: July 2023 | B12: power_generation_2023_07_july.csv | C12: 11 | D12: Northern Region | E12: Delhi | F12: Pvt Sector | G12: Total | H12: Delhi | I12: 2208.4 | J12: 5775 | K12: 473 | L12: 240.86 | M12: 374.81 | N12: 50.92 | O12: 64.26 | P12: 2049 | Q12: 915.08 | R12: 1790.67 | S12: 44.66 | T12: 51.1 | U12: NA | V12: NA | W12: NA | X12: NA | Y12: NA | Z12: NA
A13: July 2023 | B13: power_generation_2023_07_july.csv | C13: 12 | D13: Northern Region | E13: Haryana | F13: State Sector | G13: PANIPAT TPS | H13: NA | I13: 710 | J13: 4000 | K13: 305 | L13: 430.22 | M13: 458.14 | N13: 141.06 | O13: 93.91 | P13: 1446 | Q13: 1306.99 | R13: 1789.02 | S13: 90.39 | T13: 73.06 | U13: 57.74 | V13: 81.44 | W13: 86.73 | X13: 69.56 | Y13: 62.87 | Z13: 86.06
A14: July 2023 | B14: power_generation_2023_07_july.csv | C14: 13 | D14: Northern Region | E14: Haryana | F14: State Sector | G14: RAJIV GANDHI TPS | H14: NA | I14: 1200 | J14: 6100 | K14: 553 | L14: 267.13 | M14: 620.32 | N14: 48.31 | O14: 43.06 | P14: 2591 | Q14: 1433.98 | R14: 1945.6 | S14: 55.34 | T14: 73.7 | U14: 61.94 | V14: 29.92 | W14: 69.48 | X14: 73.74 | Y14: 40.81 | Z14: 55.37
A15: July 2023 | B15: power_generation_2023_07_july.csv | C15: 14 | D15: Northern Region | E15: Haryana | F15: State Sector | G15: YAMUNA NAGAR TPS | H15: NA | I15: 600 | J15: 4200 | K15: 320 | L15: 293.92 | M15: 370.68 | N15: 91.85 | O15: 79.29 | P15: 1438 | Q15: 1209.31 | R15: 1523.84 | S15: 84.1 | T15: 79.36 | U15: 71.68 | V15: 65.84 | W15: 83.04 | X15: 81.85 | Y15: 68.84 | Z15: 86.74
A16: July 2023 | B16: power_generation_2023_07_july.csv | C16: 15 | D16: Northern Region | E16: Haryana | F16: State Sector | G16: HPGCL | H16: Coal | I16: 2510 | J16: 14300 | K16: 1178 | L16: 991.27 | M16: 1449.14 | N16: 84.15 | O16: 68.4 | P16: 5475 | Q16: 3950.28 | R16: 5258.46 | S16: 72.15 | T16: 75.12 | U16: 63.08 | V16: 53.08 | W16: 77.6 | X16: 74.5 | Y16: 53.75 | Z16: 71.55
A17: July 2023 | B17: power_generation_2023_07_july.csv | C17: 16 | D17: Northern Region | E17: Haryana | F17: State Sector | G17: State Sector | H17: Thermal | I17: 2510 | J17: 14300 | K17: 1178 | L17: 991.27 | M17: 1449.14 | N17: 84.15 | O17: 68.4 | P17: 5475 | Q17: 3950.28 | R17: 5258.46 | S17: 72.15 | T17: 75.12 | U17: 63.08 | V17: 53.08 | W17: 77.6 | X17: 74.5 | Y17: 53.75 | Z17: 71.55
A18: July 2023 | B18: power_generation_2023_07_july.csv | C18: 17 | D18: Northern Region | E18: Haryana | F18: Pvt Sector | G18: MAHATMA GANDHI TPS | H18: NA | I18: 1320 | J18: 7600 | K18: 614 | L18: 718.48 | M18: 801.6 | N18: 117.02 | O18: 89.63 | P18: 2868 | Q18: 2718.87 | R18: 3007.71 | S18: 94.8 | T18: 90.4 | U18: 62.52 | V18: 73.16 | W18: 81.62 | X18: 74.21 | Y18: 70.35 | Z18: 77.82
A19: July 2023 | B19: power_generation_2023_07_july.csv | C19: 18 | D19: Northern Region | E19: Haryana | F19: Pvt Sector | G19: JhPL (HR) | H19: Coal | I19: 1320 | J19: 7600 | K19: 614 | L19: 718.48 | M19: 801.6 | N19: 117.02 | O19: 89.63 | P19: 2868 | Q19: 2718.87 | R19: 3007.71 | S19: 94.8 | T19: 90.4 | U19: 62.52 | V19: 73.16 | W19: 81.62 | X19: 74.21 | Y19: 70.35 | Z19: 77.82
A20: July 2023 | B20: power_generation_2023_07_july.csv | C20: 19 | D20: Northern Region | E20: Haryana | F20: Pvt Sector | G20: Pvt Sector | H20: Thermal | I20: 1320 | J20: 7600 | K20: 614 | L20: 718.48 | M20: 801.6 | N20: 117.02 | O20: 89.63 | P20: 2868 | Q20: 2718.87 | R20: 3007.71 | S20: 94.8 | T20: 90.4 | U20: 62.52 | V20: 73.16 | W20: 81.62 | X20: 74.21 | Y20: 70.35 | Z20: 77.82
A21: July 2023 | B21: power_generation_2023_07_july.csv | C21: 20 | D21: Northern Region | E21: Haryana | F21: Central Sector | G21: INDIRA GANDHI STPP | H21: NA | I21: 1500 | J21: 7600 | K21: 603 | L21: 675.5 | M21: 710.2 | N21: 112.02 | O21: 95.11 | P21: 2865 | Q21: 2585.29 | R21: 3502.71 | S21: 90.24 | T21: 73.81 | U21: 54.03 | V21: 60.53 | W21: 63.64 | X21: 65.23 | Y21: 58.86 | Z21: 79.75
A22: July 2023 | B22: power_generation_2023_07_july.csv | C22: 21 | D22: Northern Region | E22: Haryana | F22: Central Sector | G22: APCPL | H22: Coal | I22: 1500 | J22: 7600 | K22: 603 | L22: 675.5 | M22: 710.2 | N22: 112.02 | O22: 95.11 | P22: 2865 | Q22: 2585.29 | R22: 3502.71 | S22: 90.24 | T22: 73.81 | U22: 54.03 | V22: 60.53 | W22: 63.64 | X22: 65.23 | Y22: 58.86 | Z22: 79.75
A23: July 2023 | B23: power_generation_2023_07_july.csv | C23: 22 | D23: Northern Region | E23: Haryana | F23: Central Sector | G23: CENTRAL | H23: Thermal | I23: 1500 | J23: 7600 | K23: 603 | L23: 675.5 | M23: 710.2 | N23: 112.02 | O23: 95.11 | P23: 2865 | Q23: 2585.29 | R23: 3502.71 | S23: 90.24 | T23: 73.81 | U23: 54.03 | V23: 60.53 | W23: 63.64 | X23: 65.23 | Y23: 58.86 | Z23: 79.75
A24: July 2023 | B24: power_generation_2023_07_july.csv | C24: 23 | D24: Northern Region | E24: Haryana | F24: Central Sector | G24: FARIDABAD CCPP | H24: NA | I24: 431.59 | J24: 150 | K24: 12 | L24: 0.01 | M24: 0 | N24: 0.08 | O24: 0 | P24: 51 | Q24: 70.2 | R24: 2.55 | S24: 137.65 | T24: 2752.94 | U24: NA | V24: NA | W24: NA | X24: NA | Y24: NA | Z24: NA
A25: July 2023 | B25: power_generation_2023_07_july.csv | C25: 24 | D25: Northern Region | E25: Haryana | F25: Central Sector | G25: NTPC Ltd. | H25: Natural Gas | I25: 431.59 | J25: 150 | K25: 12 | L25: 0.01 | M25: 0 | N25: 0.08 | O25: 0 | P25: 51 | Q25: 70.2 | R25: 2.55 | S25: 137.65 | T25: 2752.94 | U25: NA | V25: NA | W25: NA | X25: NA | Y25: NA | Z25: NA
A26: July 2023 | B26: power_generation_2023_07_july.csv | C26: 25 | D26: Northern Region | E26: Haryana | F26: Central Sector | G26: Central | H26: Natural Gas | I26: 431.59 | J26: 150 | K26: 12 | L26: 0.01 | M26: 0 | N26: 0.08 | O26: 0 | P26: 51 | Q26: 70.2 | R26: 2.55 | S26: 137.65 | T26: 2752.94 | U26: NA | V26: NA | W26: NA | X26: NA | Y26: NA | Z26: NA
A27: July 2023 | B27: power_generation_2023_07_july.csv | C27: 26 | D27: Northern Region | E27: Haryana | F27: Central Sector | G27: Total | H27: Thermal | I27: 5330 | J27: 29500 | K27: 2395 | L27: 2385.25 | M27: 2960.94 | N27: 99.59 | O27: 80.56 | P27: 11208 | Q27: 9254.44 | R27: 11768.88 | S27: 82.57 | T27: 78.63 | U27: 60.4 | V27: 60.15 | W27: 74.67 | X27: 71.82 | Y27: 59.3 | Z27: 75.41
A28: July 2023 | B28: power_generation_2023_07_july.csv | C28: 27 | D28: Northern Region | E28: Haryana | F28: Central Sector | G28: Total | H28: Natural Gas | I28: 431.59 | J28: 150 | K28: 12 | L28: 0.01 | M28: 0 | N28: 0.08 | O28: 0 | P28: 51 | Q28: 70.2 | R28: 2.55 | S28: 137.65 | T28: 2752.94 | U28: NA | V28: NA | W28: NA | X28: NA | Y28: NA | Z28: NA
A29: July 2023 | B29: power_generation_2023_07_july.csv | C29: 28 | D29: Northern Region | E29: Haryana | F29: Central Sector | G29: Total | H29: Haryana | I29: 5761.59 | J29: 29650 | K29: 2407 | L29: 2385.26 | M29: 2960.94 | N29: 99.1 | O29: 80.56 | P29: 11259 | Q29: 9324.64 | R29: 11771.43 | S29: 82.82 | T29: 79.21 | U29: NA | V29: NA | W29: NA | X29: NA | Y29: NA | Z29: NA
A30: July 2023 | B30: power_generation_2023_07_july.csv | C30: 29 | D30: Northern Region | E30: Himachal Pradesh | F30: State Sector | G30: KASHANG INTEGRATED HEP | H30: NA | I30: 195 | J30: 185 | K30: 38 | L30: 22.28 | M30: 33.84 | N30: 58.63 | O30: 65.84 | P30: 97 | Q30: 79.17 | R30: 91.36 | S30: 81.62 | T30: 86.66 | U30: NA | V30: NA | W30: NA | X30: NA | Y30: NA | Z30: NA
A31: July 2023 | B31: power_generation_2023_07_july.csv | C31: 30 | D31: Northern Region | E31: Himachal Pradesh | F31: State Sector | G31: SAINJ HPS | H31: NA | I31: 100 | J31: 389 | K31: 75 | L31: 30.92 | M31: 79.13 | N31: 41.23 | O31: 39.07 | P31: 168 | Q31: 149.31 | R31: 176.2 | S31: 88.88 | T31: 84.74 | U31: NA | V31: NA | W31: NA | X31: NA | Y31: NA | Z31: NA
A32: July 2023 | B32: power_generation_2023_07_july.csv | C32: 31 | D32: Northern Region | E32: Himachal Pradesh | F32: State Sector | G32: SAWRA KUDDU HPS | H32: NA | I32: 111 | J32: 300 | K32: 44 | L32: 40.64 | M32: 52.74 | N32: 92.36 | O32: 77.06 | P32: 108 | Q32: 144.24 | R32: 110.92 | S32: 133.56 | T32: 130.04 | U32: NA | V32: NA | W32: NA | X32: NA | Y32: NA | Z32: NA
A33: July 2023 | B33: power_generation_2023_07_july.csv | C33: 32 | D33: Northern Region | E33: Himachal Pradesh | F33: State Sector | G33: HPPCL | H33: Hydro | I33: 406 | J33: 874 | K33: 157 | L33: 93.84 | M33: 165.71 | N33: 59.77 | O33: 56.63 | P33: 373 | Q33: 372.72 | R33: 378.48 | S33: 99.92 | T33: 98.48 | U33: NA | V33: NA | W33: NA | X33: NA | Y33: NA | Z33: NA
A34: July 2023 | B34: power_generation_2023_07_july.csv | C34: 33 | D34: Northern Region | E34: Himachal Pradesh | F34: State Sector | G34: BASSI HPS | H34: NA | I34: 66 | J34: 304 | K34: 46 | L34: 44.86 | M34: 47.54 | N34: 97.52 | O34: 94.36 | P34: 153 | Q34: 152.8 | R34: 150.1 | S34: 99.87 | T34: 101.8 | U34: NA | V34: NA | W34: NA | X34: NA | Y34: NA | Z34: NA
A35: July 2023 | B35: power_generation_2023_07_july.csv | C35: 34 | D35: Northern Region | E35: Himachal Pradesh | F35: State Sector | G35: GIRI BATA HPS | H35: NA | I35: 60 | J35: 180 | K35: 23 | L35: 31.88 | M35: 30.84 | N35: 138.61 | O35: 103.37 | P35: 48 | Q35: 76.88 | R35: 48.12 | S35: 160.17 | T35: 159.77 | U35: NA | V35: NA | W35: NA | X35: NA | Y35: NA | Z35: NA
A36: July 2023 | B36: power_generation_2023_07_july.csv | C36: 35 | D36: Northern Region | E36: Himachal Pradesh | F36: State Sector | G36: LARJI HPS | H36: NA | I36: 126 | J36: 619 | K36: 99 | L36: 25.73 | M36: 89.22 | N36: 25.99 | O36: 28.84 | P36: 291 | Q36: 213.47 | R36: 261.96 | S36: 73.36 | T36: 81.49 | U36: NA | V36: NA | W36: NA | X36: NA | Y36: NA | Z36: NA
A37: July 2023 | B37: power_generation_2023_07_july.csv | C37: 36 | D37: Northern Region | E37: Himachal Pradesh | F37: State Sector | G37: SANJAY HPS | H37: NA | I37: 120 | J37: 550 | K37: 72 | L37: 67.71 | M37: 90.93 | N37: 94.04 | O37: 74.46 | P37: 235 | Q37: 240.6 | R37: 307.55 | S37: 102.38 | T37: 78.23 | U37: NA | V37: NA | W37: NA | X37: NA | Y37: NA | Z37: NA
A38: July 2023 | B38: power_generation_2023_07_july.csv | C38: 37 | D38: Northern Region | E38: Himachal Pradesh | F38: State Sector | G38: UHL-III HPS | H38: NA | I38: 0 | J38: 0 | K38: 0 | L38: 0 | M38: 0 | N38: 0 | O38: 0 | P38: 0 | Q38: 0 | R38: 0 | S38: 0 | T38: 0 | U38: NA | V38: NA | W38: NA | X38: NA | Y38: NA | Z38: NA
A39: July 2023 | B39: power_generation_2023_07_july.csv | C39: 38 | D39: Northern Region | E39: Himachal Pradesh | F39: State Sector | G39: HPSEB | H39: Hydro | I39: 372 | J39: 1653 | K39: 240 | L39: 170.18 | M39: 258.53 | N39: 70.91 | O39: 65.83 | P39: 727 | Q39: 683.75 | R39: 767.73 | S39: 94.05 | T39: 89.06 | U39: NA | V39: NA | W39: NA | X39: NA | Y39: NA | Z39: NA
... A110: July 2023 | B110: power_generation_2023_07_july.csv | C110: 109 | D110: Northern Region | E110: Ladakh | F110: Central Sector | G110: Total | H110: Ladakh | I110: 89 | J110: 430 | K110: 63 | L110: 65.71 | M110: 64.79 | N110: 104.3 | O110: 101.42 | P110: 185 | Q110: 150.8 | R110: 173.43 | S110: 81.51 | T110: 86.95 | U110: NA | V110: NA | W110: NA | X110: NA | Y110: NA | Z110: NA
A111: July 2023 | B111: power_generation_2023_07_july.csv | C111: 110 | D111: Northern Region | E111: Punjab | F111: State Sector | G111: GH TPS (LEH. MOH.) | H111: NA | I111: 920 | J111: 3150 | K111: 262 | L111: 387.89 | M111: 182.9 | N111: 148.05 | O111: 212.08 | P111: 1225 | Q111: 1343.61 | R111: 1296.71 | S111: 109.68 | T111: 103.62 | U111: 38.28 | V111: 56.67 | W111: 26.72 | X111: 45.48 | Y111: 49.88 | Z111: 48.14
A112: July 2023 | B112: power_generation_2023_07_july.csv | C112: 111 | D112: Northern Region | E112: Punjab | F112: State Sector | G112: ROPAR TPS | H112: NA | I112: 840 | J112: 3200 | K112: 246 | L112: 310.53 | M112: 281.15 | N112: 126.23 | O112: 110.45 | P112: 1207 | Q112: 1169.84 | R112: 1357.19 | S112: 96.92 | T112: 86.2 | U112: 39.36 | V112: 49.69 | W112: 44.99 | X112: 49.07 | Y112: 47.56 | Z112: 55.18
A113: July 2023 | B113: power_generation_2023_07_july.csv | C113: 112 | D113: Northern Region | E113: Punjab | F113: State Sector | G113: PSPCL | H113: Coal | I113: 1760 | J113: 6350 | K113: 508 | L113: 698.42 | M113: 464.05 | N113: 137.48 | O113: 150.51 | P113: 2432 | Q113: 2513.45 | R113: 2653.9 | S113: 103.35 | T113: 94.71 | U113: 38.8 | V113: 53.34 | W113: 35.44 | X113: 47.19 | Y113: 48.77 | Z113: 51.5
A114: July 2023 | B114: power_generation_2023_07_july.csv | C114: 113 | D114: Northern Region | E114: Punjab | F114: State Sector | G114: State Sector | H114: Thermal | I114: 1760 | J114: 6350 | K114: 508 | L114: 698.42 | M114: 464.05 | N114: 137.48 | O114: 150.51 | P114: 2432 | Q114: 2513.45 | R114: 2653.9 | S114: 103.35 | T114: 94.71 | U114: 38.8 | V114: 53.34 | W114: 35.44 | X114: 47.19 | Y114: 48.77 | Z114: 51.5
A115: July 2023 | B115: power_generation_2023_07_july.csv | C115: 114 | D115: Northern Region | E115: Punjab | F115: State Sector | G115: ANANDPUR SAHIB-I HPS | H115: NA | I115: 67 | J115: 265 | K115: 36 | L115: 39.86 | M115: 30.54 | N115: 110.72 | O115: 130.52 | P115: 123 | Q115: 78.21 | R115: 83.25 | S115: 63.59 | T115: 93.95 | U115: NA | V115: NA | W115: NA | X115: NA | Y115: NA | Z115: NA
A116: July 2023 | B116: power_generation_2023_07_july.csv | C116: 115 | D116: Northern Region | E116: Punjab | F116: State Sector | G116: ANANDPUR SAHIB-II HPS | H116: NA | I116: 67 | J116: 265 | K116: 37 | L116: 40.7 | M116: 30.58 | N116: 110 | O116: 133.09 | P116: 123 | Q116: 78.98 | R116: 93 | S116: 64.21 | T116: 84.92 | U116: NA | V116: NA | W116: NA | X116: NA | Y116: NA | Z116: NA
A117: July 2023 | B117: power_generation_2023_07_july.csv | C117: 116 | D117: Northern Region | E117: Punjab | F117: State Sector | G117: MUKERIAN-I HPS | H117: NA | I117: 45 | J117: 234 | K117: 24 | L117: 23.95 | M117: 91.67 | N117: 99.79 | O117: 26.13 | P117: 48 | Q117: 51.99 | R117: 292.27 | S117: 108.31 | T117: 17.79 | U117: NA | V117: NA | W117: NA | X117: NA | Y117: NA | Z117: NA
A118: July 2023 | B118: power_generation_2023_07_july.csv | C118: 117 | D118: Northern Region | E118: Punjab | F118: State Sector | G118: MUKERIAN-II HPS | H118: NA | I118: 45 | J118: 234 | K118: 24 | L118: 26.3 | M118: 0 | N118: 109.58 | O118: 0 | P118: 48 | Q118: 54.35 | R118: 0 | S118: 113.23 | T118: 0 | U118: NA | V118: NA | W118: NA | X118: NA | Y118: NA | Z118: NA
A119: July 2023 | B119: power_generation_2023_07_july.csv | C119: 118 | D119: Northern Region | E119: Punjab | F119: State Sector | G119: MUKERIAN-III HPS | H119: NA | I119: 58.5 | J119: 306 | K119: 32 | L119: 33.09 | M119: 0 | N119: 103.41 | O119: 0 | P119: 62 | Q119: 69.27 | R119: 0 | S119: 111.73 | T119: 0 | U119: NA | V119: NA | W119: NA | X119: NA | Y119: NA | Z119: NA
A120: July 2023 | B120: power_generation_2023_07_july.csv | C120: 119 | D120: Northern Region | E120: Punjab | F120: State Sector | G120: MUKERIAN-IV HPS | H120: NA | I120: 58.5 | J120: 306 | K120: 32 | L120: 30.78 | M120: 0 | N120: 96.19 | O120: 0 | P120: 62 | Q120: 67.16 | R120: 0 | S120: 108.32 | T120: 0 | U120: NA | V120: NA | W120: NA | X120: NA | Y120: NA | Z120: NA
A121: July 2023 | B121: power_generation_2023_07_july.csv | C121: 120 | D121: Northern Region | E121: Punjab | F121: State Sector | G121: RANJIT SAGAR HPS | H121: NA | I121: 600 | J121: 1580 | K121: 215 | L121: 387.37 | M121: 138.13 | N121: 180.17 | O121: 280.44 | P121: 675 | Q121: 868.67 | R121: 490.47 | S121: 128.69 | T121: 177.11 | U121: NA | V121: NA | W121: NA | X121: NA | Y121: NA | Z121: NA
A122: July 2023 | B122: power_generation_2023_07_july.csv | C122: 121 | D122: Northern Region | E122: Punjab | F122: State Sector | G122: PSPCL | H122: Hydro | I122: 941 | J122: 3190 | K122: 400 | L122: 582.05 | M122: 290.92 | N122: 145.51 | O122: 200.07 | P122: 1141 | Q122: 1268.63 | R122: 958.99 | S122: 111.19 | T122: 132.29 | U122: NA | V122: NA | W122: NA | X122: NA | Y122: NA | Z122: NA
A123: July 2023 | B123: power_generation_2023_07_july.csv | C123: 122 | D123: Northern Region | E123: Punjab | F123: State Sector | G123: State Sector | H123: Hydro | I123: 941 | J123: 3190 | K123: 400 | L123: 582.05 | M123: 290.92 | N123: 145.51 | O123: 200.07 | P123: 1141 | Q123: 1268.63 | R123: 958.99 | S123: 111.19 | T123: 132.29 | U123: NA | V123: NA | W123: NA | X123: NA | Y123: NA | Z123: NA
A124: July 2023 | B124: power_generation_2023_07_july.csv | C124: 123 | D124: Northern Region | E124: Punjab | F124: State Sector | G124: GOINDWAL SAHIB TPP | H124: NA | I124: 540 | J124: 3000 | K124: 224 | L124: 217.21 | M124: 187.03 | N124: 96.97 | O124: 116.14 | P124: 1078 | Q124: 839.93 | R124: 659.81 | S124: 77.92 | T124: 127.3 | U124: 55.75 | V124: 54.06 | W124: 46.55 | X124: 68.18 | Y124: 53.12 | Z124: 41.73
A125: July 2023 | B125: power_generation_2023_07_july.csv | C125: 124 | D125: Northern Region | E125: Punjab | F125: State Sector | G125: GPGSL (GVK) | H125: Coal | I125: 540 | J125: 3000 | K125: 224 | L125: 217.21 | M125: 187.03 | N125: 96.97 | O125: 116.14 | P125: 1078 | Q125: 839.93 | R125: 659.81 | S125: 77.92 | T125: 127.3 | U125: 55.75 | V125: 54.06 | W125: 46.55 | X125: 68.18 | Y125: 53.12 | Z125: 41.73
A126: July 2023 | B126: power_generation_2023_07_july.csv | C126: 125 | D126: Northern Region | E126: Punjab | F126: Pvt Sector | G126: RAJPURA TPP | H126: NA | I126: 1400 | J126: 10400 | K126: 924 | L126: 826.25 | M126: 901.8 | N126: 89.42 | O126: 91.62 | P126: 3745 | Q126: 3549.28 | R126: 3811.63 | S126: 94.77 | T126: 93.12 | U126: 88.71 | V126: 79.33 | W126: 86.58 | X126: 91.36 | Y126: 86.58 | Z126: 92.98
A127: July 2023 | B127: power_generation_2023_07_july.csv | C127: 126 | D127: Northern Region | E127: Punjab | F127: Pvt Sector | G127: NPL | H127: Coal | I127: 1400 | J127: 10400 | K127: 924 | L127: 826.25 | M127: 901.8 | N127: 89.42 | O127: 91.62 | P127: 3745 | Q127: 3549.28 | R127: 3811.63 | S127: 94.77 | T127: 93.12 | U127: 88.71 | V127: 79.33 | W127: 86.58 | X127: 91.36 | Y127: 86.58 | Z127: 92.98
A128: July 2023 | B128: power_generation_2023_07_july.csv | C128: 127 | D128: Northern Region | E128: Punjab | F128: Pvt Sector | G128: TALWANDI SABO TPP | H128: NA | I128: 1980 | J128: 12400 | K128: 990 | L128: 855.42 | M128: 1024.94 | N128: 86.41 | O128: 83.46 | P128: 4498 | Q128: 3898.17 | R128: 3811.15 | S128: 86.66 | T128: 102.28 | U128: 67.2 | V128: 58.07 | W128: 69.58 | X128: 77.59 | Y128: 67.24 | Z128: 65.74
A129: July 2023 | B129: power_generation_2023_07_july.csv | C129: 128 | D129: Northern Region | E129: Punjab | F129: Pvt Sector | G129: TSPL | H129: Coal | I129: 1980 | J129: 12400 | K129: 990 | L129: 855.42 | M129: 1024.94 | N129: 86.41 | O129: 83.46 | P129: 4498 | Q129: 3898.17 | R129: 3811.15 | S129: 86.66 | T129: 102.28 | U129: 67.2 | V129: 58.07 | W129: 69.58 | X129: 77.59 | Y129: 67.24 | Z129: 65.74
A130: July 2023 | B130: power_generation_2023_07_july.csv | C130: 129 | D130: Northern Region | E130: Punjab | F130: Pvt Sector | G130: Pvt Sector | H130: Thermal | I130: 3920 | J130: 25800 | K130: 2138 | L130: 1898.88 | M130: 2113.77 | N130: 88.82 | O130: 89.83 | P130: 9321 | Q130: 8287.38 | R130: 8282.59 | S130: 88.91 | T130: 100.06 | U130: 73.31 | V130: 65.11 | W130: 72.48 | X130: 81.21 | Y130: 72.2 | Z130: 72.16
A131: July 2023 | B131: power_generation_2023_07_july.csv | C131: 130 | D131: Northern Region | E131: Punjab | F131: Central Sector | G131: GANGUWAL HPS | H131: NA | I131: 77.65 | J131: 500 | K131: 42 | L131: 52.88 | M131: 53.37 | N131: 125.9 | O131: 99.08 | P131: 166 | Q131: 199.69 | R131: 197.9 | S131: 120.3 | T131: 100.9 | U131: NA | V131: NA | W131: NA | X131: NA | Y131: NA | Z131: NA
A132: July 2023 | B132: power_generation_2023_07_july.csv | C132: 131 | D132: Northern Region | E132: Punjab | F132: Central Sector | G132: KOTLA HPS | H132: NA | I132: 77.65 | J132: 500 | K132: 42 | L132: 53.23 | M132: 54.98 | N132: 126.74 | O132: 96.82 | P132: 166 | Q132: 199.77 | R132: 198.7 | S132: 120.34 | T132: 100.54 | U132: NA | V132: NA | W132: NA | X132: NA | Y132: NA | Z132: NA
A133: July 2023 | B133: power_generation_2023_07_july.csv | C133: 132 | D133: Northern Region | E133: Punjab | F133: Central Sector | G133: BBMB | H133: Hydro | I133: 155.3 | J133: 1000 | K133: 84 | L133: 106.11 | M133: 108.35 | N133: 126.32 | O133: 97.93 | P133: 332 | Q133: 399.46 | R133: 396.6 | S133: 120.32 | T133: 100.72 | U133: NA | V133: NA | W133: NA | X133: NA | Y133: NA | Z133: NA
A134: July 2023 | B134: power_generation_2023_07_july.csv | C134: 133 | D134: Northern Region | E134: Punjab | F134: Central Sector | G134: Central | H134: Hydro | I134: 155.3 | J134: 1000 | K134: 84 | L134: 106.11 | M134: 108.35 | N134: 126.32 | O134: 97.93 | P134: 332 | Q134: 399.46 | R134: 396.6 | S134: 120.32 | T134: 100.72 | U134: NA | V134: NA | W134: NA | X134: NA | Y134: NA | Z134: NA
A135: July 2023 | B135: power_generation_2023_07_july.csv | C135: 134 | D135: Northern Region | E135: Punjab | F135: Central Sector | G135: Total | H135: Thermal | I135: 5680 | J135: 32150 | K135: 2646 | L135: 2597.3 | M135: 2577.82 | N135: 98.16 | O135: 100.76 | P135: 11753 | Q135: 10800.83 | R135: 10936.49 | S135: 91.9 | T135: 98.76 | U135: 62.61 | V135: 61.46 | W135: 61 | X135: 70.67 | Y135: 64.94 | Z135: 65.76
A136: July 2023 | B136: power_generation_2023_07_july.csv | C136: 135 | D136: Northern Region | E136: Punjab | F136: Central Sector | G136: Total | H136: Natural Gas | I136: 0 | J136: 0 | K136: 0 | L136: 0 | M136: 0 | N136: 0 | O136: 0 | P136: 0 | Q136: 0 | R136: 0 | S136: 0 | T136: 0 | U136: NA | V136: NA | W136: NA | X136: NA | Y136: NA | Z136: NA
A137: July 2023 | B137: power_generation_2023_07_july.csv | C137: 136 | D137: Northern Region | E137: Punjab | F137: Central Sector | G137: Total | H137: Hydro | I137: 1096.3 | J137: 4190 | K137: 484 | L137: 688.16 | M137: 399.27 | N137: 142.18 | O137: 172.35 | P137: 1473 | Q137: 1668.09 | R137: 1355.59 | S137: 113.24 | T137: 123.05 | U137: NA | V137: NA | W137: NA | X137: NA | Y137: NA | Z137: NA
A138: July 2023 | B138: power_generation_2023_07_july.csv | C138: 137 | D138: Northern Region | E138: Punjab | F138: Central Sector | G138: Total | H138: Punjab | I138: 6776.3 | J138: 36340 | K138: 3130 | L138: 3285.46 | M138: 2977.09 | N138: 104.97 | O138: 110.36 | P138: 13226 | Q138: 12468.92 | R138: 12292.08 | S138: 94.28 | T138: 101.44 | U138: NA | V138: NA | W138: NA | X138: NA | Y138: NA | Z138: NA
A139: July 2023 | B139: power_generation_2023_07_july.csv | C139: 138 | D139: Northern Region | E139: Rajasthan | F139: State Sector | G139: CHHABRA-II TPP | H139: NA | I139: 1320 | J139: 8400 | K139: 500 | L139: 230.97 | M139: 625.93 | N139: 46.19 | O139: 36.9 | P139: 2895 | Q139: 2022.52 | R139: 2841.12 | S139: 69.86 | T139: 71.19 | U139: 50.91 | V139: 23.52 | W139: 63.74 | X139: 74.9 | Y139: 52.33 | Z139: 73.51
A140: July 2023 | B140: power_generation_2023_07_july.csv | C140: 139 | D140: Northern Region | E140: Rajasthan | F140: State Sector | G140: CHHABRA-I PH-1 TPP | H140: NA | I140: 500 | J140: 3400 | K140: 185 | L140: 317.18 | M140: 125.87 | N140: 171.45 | O140: 251.99 | P140: 1123 | Q140: 1141.77 | R140: 1061.64 | S140: 101.67 | T140: 107.55 | U140: 49.73 | V140: 85.26 | W140: 33.84 | X140: 76.71 | Y140: 77.99 | Z140: 72.52
A141: July 2023 | B141: power_generation_2023_07_july.csv | C141: 140 | D141: Northern Region | E141: Rajasthan | F141: State Sector | G141: CHHABRA-I PH-2 TPP | H141: NA | I141: 500 | J141: 3000 | K141: 262 | L141: 112.08 | M141: 163.52 | N141: 42.78 | O141: 68.54 | P141: 978 | Q141: 639.32 | R141: 661.8 | S141: 65.37 | T141: 96.6 | U141: 70.43 | V141: 30.13 | W141: 43.96 | X141: 66.8 | Y141: 43.67 | Z141: 45.2
A142: July 2023 | B142: power_generation_2023_07_july.csv | C142: 141 | D142: Northern Region | E142: Rajasthan | F142: State Sector | G142: GIRAL TPS | H142: NA | I142: 250 | J142: 0 | K142: 0 | L142: 0 | M142: 0 | N142: 0 | O142: 0 | P142: 0 | Q142: 0 | R142: 0 | S142: 0 | T142: 0 | U142: 0 | V142: 0 | W142: 0 | X142: 0 | Y142: 0 | Z142: 0
A143: July 2023 | B143: power_generation_2023_07_july.csv | C143: 142 | D143: Northern Region | E143: Rajasthan | F143: State Sector | G143: KALISINDH TPS | H143: NA | I143: 1200 | J143: 7000 | K143: 596 | L143: 426.76 | M143: 738.44 | N143: 71.6 | O143: 57.79 | P143: 2710 | Q143: 2330.68 | R143: 1904.64 | S143: 86 | T143: 122.37 | U143: 66.76 | V143: 47.8 | W143: 82.71 | X143: 77.13 | Y143: 66.33 | Z143: 54.21
A144: July 2023 | B144: power_generation_2023_07_july.csv | C144: 143 | D144: Northern Region | E144: Rajasthan | F144: State Sector | G144: KOTA TPS | H144: NA | I144: 1240 | J144: 8000 | K144: 587 | L144: 720.8 | M144: 494.24 | N144: 122.79 | O144: 145.84 | P144: 2842 | Q144: 2848.18 | R144: 2596.03 | S144: 100.22 | T144: 109.71 | U144: 63.63 | V144: 78.13 | W144: 53.57 | X144: 78.28 | Y144: 78.45 | Z144: 71.5
A145: July 2023 | B145: power_generation_2023_07_july.csv | C145: 144 | D145: Northern Region | E145: Rajasthan | F145: State Sector | G145: SURATGARH STPS | H145: NA | I145: 1320 | J145: 6000 | K145: 492 | L145: 590.05 | M145: 300.6 | N145: 119.93 | O145: 196.29 | P145: 2095 | Q145: 2300.83 | R145: 1323.78 | S145: 109.82 | T145: 173.81 | U145: 50.1 | V145: 60.08 | W145: 30.61 | X145: 54.2 | Y145: 59.53 | Z145: 34.25
A146: July 2023 | B146: power_generation_2023_07_july.csv | C146: 145 | D146: Northern Region | E146: Rajasthan | F146: State Sector | G146: SURATGARH TPS | H146: NA | I146: 1500 | J146: 6100 | K146: 480 | L146: 798.53 | M146: 448.53 | N146: 166.36 | O146: 178.03 | P146: 2301 | Q146: 2430.21 | R146: 2472.18 | S146: 105.62 | T146: 98.3 | U146: 43.01 | V146: 71.55 | W146: 40.19 | X146: 52.39 | Y146: 55.33 | Z146: 56.29
A147: July 2023 | B147: power_generation_2023_07_july.csv | C147: 146 | D147: Northern Region | E147: Rajasthan | F147: State Sector | G147: RRVUNL | H147: Coal | I147: 7830 | J147: 41900 | K147: 3102 | L147: 3196.37 | M147: 2897.13 | N147: 103.04 | O147: 110.33 | P147: 14944 | Q147: 13713.51 | R147: 12861.19 | S147: 91.77 | T147: 106.63 | U147: 53.25 | V147: 54.87 | W147: 49.73 | X147: 65.18 | Y147: 59.82 | Z147: 56.1
A148: July 2023 | B148: power_generation_2023_07_july.csv | C148: 147 | D148: Northern Region | E148: Rajasthan | F148: State Sector | G148: State Sector | H148: Thermal | I148: 7830 | J148: 41900 | K148: 3102 | L148: 3196.37 | M148: 2897.13 | N148: 103.04 | O148: 110.33 | P148: 14944 | Q148: 13713.51 | R148: 12861.19 | S148: 91.77 | T148: 106.63 | U148: 53.25 | V148: 54.87 | W148: 49.73 | X148: 65.18 | Y148: 59.82 | Z148: 56.1
A149: July 2023 | B149: power_generation_2023_07_july.csv | C149: 148 | D149: Northern Region | E149: Rajasthan | F149: State Sector | G149: DHOLPUR CCPP | H149: NA | I149: 330 | J149: 150 | K149: 12 | L149: 0 | M149: 0 | N149: 0 | O149: 0 | P149: 51 | Q149: 0 | R149: 0 | S149: 0 | T149: 0 | U149: NA | V149: NA | W149: NA | X149: NA | Y149: NA | Z149: NA
A150: July 2023 | B150: power_generation_2023_07_july.csv | C150: 149 | D150: Northern Region | E150: Rajasthan | F150: State Sector | G150: RAMGARH CCPP | H150: NA | I150: 273.5 | J150: 1050 | K150: 82 | L150: 81.73 | M150: 129.08 | N150: 99.67 | O150: 63.32 | P150: 397 | Q150: 373.77 | R150: 420.6 | S150: 94.15 | T150: 88.87 | U150: NA | V150: NA | W150: NA | X150: NA | Y150: NA | Z150: NA
A151: July 2023 | B151: power_generation_2023_07_july.csv | C151: 150 | D151: Northern Region | E151: Rajasthan | F151: State Sector | G151: RRVUNL | H151: Natural Gas | I151: 603.5 | J151: 1200 | K151: 94 | L151: 81.73 | M151: 129.08 | N151: 86.95 | O151: 63.32 | P151: 448 | Q151: 373.77 | R151: 420.6 | S151: 83.43 | T151: 88.87 | U151: NA | V151: NA | W151: NA | X151: NA | Y151: NA | Z151: NA
A152: July 2023 | B152: power_generation_2023_07_july.csv | C152: 151 | D152: Northern Region | E152: Rajasthan | F152: State Sector | G152: State Sector | H152: Natural Gas | I152: 603.5 | J152: 1200 | K152: 94 | L152: 81.73 | M152: 129.08 | N152: 86.95 | O152: 63.32 | P152: 448 | Q152: 373.77 | R152: 420.6 | S152: 83.43 | T152: 88.87 | U152: NA | V152: NA | W152: NA | X152: NA | Y152: NA | Z152: NA
A153: July 2023 | B153: power_generation_2023_07_july.csv | C153: 152 | D153: Northern Region | E153: Rajasthan | F153: State Sector | G153: JAWAHAR SAGAR HPS | H153: NA | I153: 99 | J153: 200 | K153: 4 | L153: 32.89 | M153: 17.62 | N153: 822.25 | O153: 186.66 | P153: 4 | Q153: 37.51 | R153: 40.76 | S153: 937.75 | T153: 92.03 | U153: NA | V153: NA | W153: NA | X153: NA | Y153: NA | Z153: NA
A154: July 2023 | B154: power_generation_2023_07_july.csv | C154: 153 | D154: Northern Region | E154: Rajasthan | F154: State Sector | G154: MAHI BAJAJ-I HPS | H154: NA | I154: 50 | J154: 130 | K154: 0 | L154: 0.11 | M154: 0.1 | N154: 0 | O154: 110 | P154: 4 | Q154: 0.11 | R154: 5.15 | S154: 2.75 | T154: 2.14 | U154: NA | V154: NA | W154: NA | X154: NA | Y154: NA | Z154: NA
A155: July 2023 | B155: power_generation_2023_07_july.csv | C155: 154 | D155: Northern Region | E155: Rajasthan | F155: State Sector | G155: MAHI BAJAJ-II HPS | H155: NA | I155: 90 | J155: 30 | K155: 0 | L155: 0 | M155: 1.07 | N155: 0 | O155: 0 | P155: 2 | Q155: 0 | R155: 4.42 | S155: 0 | T155: 0 | U155: NA | V155: NA | W155: NA | X155: NA | Y155: NA | Z155: NA
A156: July 2023 | B156: power_generation_2023_07_july.csv | C156: 155 | D156: Northern Region | E156: Rajasthan | F156: State Sector | G156: R P SAGAR HPS | H156: NA | I156: 172 | J156: 312 | K156: 2 | L156: 45.02 | M156: 1.18 | N156: 2251 | O156: 3815.25 | P156: 2 | Q156: 49.37 | R156: 34.83 | S156: 2468.5 | T156: 141.75 | U156: NA | V156: NA | W156: NA | X156: NA | Y156: NA | Z156: NA
A157: July 2023 | B157: power_generation_2023_07_july.csv | C157: 156 | D157: Northern Region | E157: Rajasthan | F157: State Sector | G157: RRVUNL | H157: Hydro | I157: 411 | J157: 672 | K157: 6 | L157: 78.02 | M157: 19.97 | N157: 1300.33 | O157: 390.69 | P157: 12 | Q157: 86.99 | R157: 85.16 | S157: 724.92 | T157: 102.15 | U157: NA | V157: NA | W157: NA | X157: NA | Y157: NA | Z157: NA
A158: July 2023 | B158: power_generation_2023_07_july.csv | C158: 157 | D158: Northern Region | E158: Rajasthan | F158: State Sector | G158: State Sector | H158: Hydro | I158: 411 | J158: 672 | K158: 6 | L158: 78.02 | M158: 19.97 | N158: 1300.33 | O158: 390.69 | P158: 12 | Q158: 86.99 | R158: 85.16 | S158: 724.92 | T158: 102.15 | U158: NA | V158: NA | W158: NA | X158: NA | Y158: NA | Z158: NA
A159: July 2023 | B159: power_generation_2023_07_july.csv | C159: 158 | D159: Northern Region | E159: Rajasthan | F159: Pvt Sector | G159: KAWAI TPS | H159: NA | I159: 1320 | J159: 9300 | K159: 770 | L159: 505.12 | M159: 811.72 | N159: 65.6 | O159: 62.23 | P159: 3321 | Q159: 2459.25 | R159: 3232.52 | S159: 74.05 | T159: 76.08 | U159: 78.41 | V159: 51.43 | W159: 82.65 | X159: 85.93 | Y159: 63.63 | Z159: 83.64
A160: July 2023 | B160: power_generation_2023_07_july.csv | C160: 159 | D160: Northern Region | E160: Rajasthan | F160: Pvt Sector | G160: APL | H160: Coal | I160: 1320 | J160: 9300 | K160: 770 | L160: 505.12 | M160: 811.72 | N160: 65.6 | O160: 62.23 | P160: 3321 | Q160: 2459.25 | R160: 3232.52 | S160: 74.05 | T160: 76.08 | U160: 78.41 | V160: 51.43 | W160: 82.65 | X160: 85.93 | Y160: 63.63 | Z160: 83.64
A161: July 2023 | B161: power_generation_2023_07_july.csv | C161: 160 | D161: Northern Region | E161: Rajasthan | F161: Pvt Sector | G161: JALIPA KAPURDI TPP | H161: NA | I161: 1080 | J161: 7200 | K161: 552 | L161: 574.43 | M161: 621.78 | N161: 104.06 | O161: 92.38 | P161: 2464 | Q161: 2161.03 | R161: 2348.13 | S161: 87.7 | T161: 92.03 | U161: 68.7 | V161: 71.49 | W161: 77.38 | X161: 77.92 | Y161: 68.34 | Z161: 74.26
A162: July 2023 | B162: power_generation_2023_07_july.csv | C162: 161 | D162: Northern Region | E162: Rajasthan | F162: Pvt Sector | G162: JSWBL | H162: Coal | I162: 1080 | J162: 7200 | K162: 552 | L162: 574.43 | M162: 621.78 | N162: 104.06 | O162: 92.38 | P162: 2464 | Q162: 2161.03 | R162: 2348.13 | S162: 87.7 | T162: 92.03 | U162: 68.7 | V162: 71.49 | W162: 77.38 | X162: 77.92 | Y162: 68.34 | Z162: 74.26
A163: July 2023 | B163: power_generation_2023_07_july.csv | C163: 162 | D163: Northern Region | E163: Rajasthan | F163: Pvt Sector | G163: Pvt Sector | H163: Thermal | I163: 2400 | J163: 16500 | K163: 1322 | L163: 1079.55 | M163: 1433.5 | N163: 81.66 | O163: 75.31 | P163: 5785 | Q163: 4620.28 | R163: 5580.65 | S163: 79.87 | T163: 82.79 | U163: 74.04 | V163: 60.46 | W163: 80.28 | X163: 82.32 | Y163: 65.75 | Z163: 79.41
A164: July 2023 | B164: power_generation_2023_07_july.csv | C164: 163 | D164: Northern Region | E164: Rajasthan | F164: Central Sector | G164: BARSINGSAR LIGNITE | H164: NA | I164: 250 | J164: 1500 | K164: 116 | L164: 112.68 | M164: 112.15 | N164: 97.14 | O164: 100.47 | P164: 542 | Q164: 467.92 | R164: 445.7 | S164: 86.33 | T164: 104.99 | U164: 62.37 | V164: 60.58 | W164: 60.3 | X164: 74.04 | Y164: 63.92 | Z164: 60.89
A165: July 2023 | B165: power_generation_2023_07_july.csv | C165: 164 | D165: Northern Region | E165: Rajasthan | F165: Central Sector | G165: NLC | H165: Coal | I165: 250 | J165: 1500 | K165: 116 | L165: 112.68 | M165: 112.15 | N165: 97.14 | O165: 100.47 | P165: 542 | Q165: 467.92 | R165: 445.7 | S165: 86.33 | T165: 104.99 | U165: 62.37 | V165: 60.58 | W165: 60.3 | X165: 74.04 | Y165: 63.92 | Z165: 60.89
A166: July 2023 | B166: power_generation_2023_07_july.csv | C166: 165 | D166: Northern Region | E166: Rajasthan | F166: Central Sector | G166: CENTRAL | H166: Thermal | I166: 250 | J166: 1500 | K166: 116 | L166: 112.68 | M166: 112.15 | N166: 97.14 | O166: 100.47 | P166: 542 | Q166: 467.92 | R166: 445.7 | S166: 86.33 | T166: 104.99 | U166: 62.37 | V166: 60.58 | W166: 60.3 | X166: 74.04 | Y166: 63.92 | Z166: 60.89
A167: July 2023 | B167: power_generation_2023_07_july.csv | C167: 166 | D167: Northern Region | E167: Rajasthan | F167: Central Sector | G167: ANTA CCPP | H167: NA | I167: 419.33 | J167: 140 | K167: 11 | L167: 26.75 | M167: 6.16 | N167: 243.18 | O167: 434.25 | P167: 50 | Q167: 132.75 | R167: 56.32 | S167: 265.5 | T167: 235.71 | U167: NA | V167: NA | W167: NA | X167: NA | Y167: NA | Z167: NA
A168: July 2023 | B168: power_generation_2023_07_july.csv | C168: 167 | D168: Northern Region | E168: Rajasthan | F168: Central Sector | G168: NTPC Ltd. | H168: Natural Gas | I168: 419.33 | J168: 140 | K168: 11 | L168: 26.75 | M168: 6.16 | N168: 243.18 | O168: 434.25 | P168: 50 | Q168: 132.75 | R168: 56.32 | S168: 265.5 | T168: 235.71 | U168: NA | V168: NA | W168: NA | X168: NA | Y168: NA | Z168: NA
A169: July 2023 | B169: power_generation_2023_07_july.csv | C169: 168 | D169: Northern Region | E169: Rajasthan | F169: Central Sector | G169: CENTRAL | H169: Natural Gas | I169: 419.33 | J169: 140 | K169: 11 | L169: 26.75 | M169: 6.16 | N169: 243.18 | O169: 434.25 | P169: 50 | Q169: 132.75 | R169: 56.32 | S169: 265.5 | T169: 235.71 | U169: NA | V169: NA | W169: NA | X169: NA | Y169: NA | Z169: NA
A170: July 2023 | B170: power_generation_2023_07_july.csv | C170: 169 | D170: Northern Region | E170: Rajasthan | F170: Central Sector | G170: DAE (RAJASTHAN) | H170: NA | I170: 100 | J170: 0 | K170: 0 | L170: 0 | M170: 0 | N170: 0 | O170: 0 | P170: 0 | Q170: 0 | R170: 0 | S170: 0 | T170: 0 | U170: 0 | V170: 0 | W170: 0 | X170: 0 | Y170: 0 | Z170: 0
...

Sheet Clean Data
A1: Record_ID | B1: Period | C1: Month | D1: Days_In_Month | E1: Region | F1: State | G1: Sector | H1: Station_Name | I1: Fuel_Type | J1: Capacity_MW | K1: Target_MU | L1: Actual_MU | M1: Last_Year_MU | N1: Variance_MU | O1: Target_Met_Pct | P1: YoY_Growth_Pct | Q1: Plant_Efficiency_Pct
A2: 2023-07_1 | B2: 2023-07 | C2: July | D2: 31 | E2: Northern Region | F2: Delhi | G2: State Sector | H2: I.P.CCPP | I2: Natural Gas | J2: 270 | K2: 12 | L2: 27.58 | M2: 27.58 | N2: =L2-K2 -> 15.58 | O2: =IFERROR(L2/K2, 0) -> 2.2983333 | P2: =IFERROR((L2-M2)/M2, 0) -> 0 | Q2: =IFERROR((L2*1000)/(J2*D2*24), 0) -> 0.1372959
A3: 2023-07_3 | B3: 2023-07 | C3: July | D3: 31 | E3: Northern Region | F3: Delhi | G3: State Sector | H3: PRAGATI CCGT-III | I3: Natural Gas | J3: 1500 | K3: 342 | L3: 91.46 | M3: 214.86 | N3: =L3-K3 -> -250.54 | O3: =IFERROR(L3/K3, 0) -> 0.2674269 | P3: =IFERROR((L3-M3)/M3, 0) -> -0.57432747 | Q3: =IFERROR((L3*1000)/(J3*D3*24), 0) -> 0.081953405
A4: 2023-07_4 | B4: 2023-07 | C4: July | D4: 31 | E4: Northern Region | F4: Delhi | G4: State Sector | H4: PRAGATI CCPP | I4: Natural Gas | J4: 330.4 | K4: 119 | L4: 121.82 | M4: 132.37 | N4: =L4-K4 -> 2.82 | O4: =IFERROR(L4/K4, 0) -> 1.0236975 | P4: =IFERROR((L4-M4)/M4, 0) -> -0.079700839 | Q4: =IFERROR((L4*1000)/(J4*D4*24), 0) -> 0.4955707
A5: 2023-07_7 | B5: 2023-07 | C5: July | D5: 31 | E5: Northern Region | F5: Delhi | G5: Private Sector | H5: RITHALA CCPP | I5: Natural Gas | J5: 108 | K5: 0 | L5: 0 | M5: 0 | N5: =L5-K5 -> 0 | O5: =IFERROR(L5/K5, 0) -> 0 | P5: =IFERROR((L5-M5)/M5, 0) -> 0 | Q5: =IFERROR((L5*1000)/(J5*D5*24), 0) -> 0
A6: 2023-07_12 | B6: 2023-07 | C6: July | D6: 31 | E6: Northern Region | F6: Haryana | G6: State Sector | H6: PANIPAT TPS | I6: Coal / Thermal | J6: 710 | K6: 305 | L6: 430.22 | M6: 458.14 | N6: =L6-K6 -> 125.22 | O6: =IFERROR(L6/K6, 0) -> 1.4105574 | P6: =IFERROR((L6-M6)/M6, 0) -> -0.06094207 | Q6: =IFERROR((L6*1000)/(J6*D6*24), 0) -> 0.81444041
A7: 2023-07_13 | B7: 2023-07 | C7: July | D7: 31 | E7: Northern Region | F7: Haryana | G7: State Sector | H7: RAJIV GANDHI TPS | I7: Coal / Thermal | J7: 1200 | K7: 553 | L7: 267.13 | M7: 620.32 | N7: =L7-K7 -> -285.87 | O7: =IFERROR(L7/K7, 0) -> 0.48305606 | P7: =IFERROR((L7-M7)/M7, 0) -> -0.56936742 | Q7: =IFERROR((L7*1000)/(J7*D7*24), 0) -> 0.29920475
A8: 2023-07_14 | B8: 2023-07 | C8: July | D8: 31 | E8: Northern Region | F8: Haryana | G8: State Sector | H8: YAMUNA NAGAR TPS | I8: Coal / Thermal | J8: 600 | K8: 320 | L8: 293.92 | M8: 370.68 | N8: =L8-K8 -> -26.08 | O8: =IFERROR(L8/K8, 0) -> 0.9185 | P8: =IFERROR((L8-M8)/M8, 0) -> -0.20707888 | Q8: =IFERROR((L8*1000)/(J8*D8*24), 0) -> 0.65842294
A9: 2023-07_17 | B9: 2023-07 | C9: July | D9: 31 | E9: Northern Region | F9: Haryana | G9: Private Sector | H9: MAHATMA GANDHI TPS | I9: Coal / Thermal | J9: 1320 | K9: 614 | L9: 718.48 | M9: 801.6 | N9: =L9-K9 -> 104.48 | O9: =IFERROR(L9/K9, 0) -> 1.1701629 | P9: =IFERROR((L9-M9)/M9, 0) -> -0.10369261 | Q9: =IFERROR((L9*1000)/(J9*D9*24), 0) -> 0.73159009
A10: 2023-07_20 | B10: 2023-07 | C10: July | D10: 31 | E10: Northern Region | F10: Haryana | G10: Central Sector | H10: INDIRA GANDHI STPP | I10: Coal / Thermal | J10: 1500 | K10: 603 | L10: 675.5 | M10: 710.2 | N10: =L10-K10 -> 72.5 | O10: =IFERROR(L10/K10, 0) -> 1.1202322 | P10: =IFERROR((L10-M10)/M10, 0) -> -0.048859476 | Q10: =IFERROR((L10*1000)/(J10*D10*24), 0) -> 0.60528674
A11: 2023-07_23 | B11: 2023-07 | C11: July | D11: 31 | E11: Northern Region | F11: Haryana | G11: Central Sector | H11: FARIDABAD CCPP | I11: Natural Gas | J11: 431.59 | K11: 12 | L11: 0.01 | M11: 0 | N11: =L11-K11 -> -11.99 | O11: =IFERROR(L11/K11, 0) -> 0.00083333333 | P11: =IFERROR((L11-M11)/M11, 0) -> 0 | Q11: =IFERROR((L11*1000)/(J11*D11*24), 0) -> 3.1142659e-05
A12: 2023-07_29 | B12: 2023-07 | C12: July | D12: 31 | E12: Northern Region | F12: Himachal Pradesh | G12: State Sector | H12: KASHANG INTEGRATED HEP | I12: Hydro | J12: 195 | K12: 38 | L12: 22.28 | M12: 33.84 | N12: =L12-K12 -> -15.72 | O12: =IFERROR(L12/K12, 0) -> 0.58631579 | P12: =IFERROR((L12-M12)/M12, 0) -> -0.34160757 | Q12: =IFERROR((L12*1000)/(J12*D12*24), 0) -> 0.15357044
A13: 2023-07_30 | B13: 2023-07 | C13: July | D13: 31 | E13: Northern Region | F13: Himachal Pradesh | G13: State Sector | H13: SAINJ HPS | I13: Hydro | J13: 100 | K13: 75 | L13: 30.92 | M13: 79.13 | N13: =L13-K13 -> -44.08 | O13: =IFERROR(L13/K13, 0) -> 0.41226667 | P13: =IFERROR((L13-M13)/M13, 0) -> -0.6092506 | Q13: =IFERROR((L13*1000)/(J13*D13*24), 0) -> 0.4155914
... A3641: 2024-01_1034 | B3641: 2024-01 | C3641: January | D3641: 31 | E3641: North Eastern Region | F3641: Tripura | G3641: Central Sector | H3641: TRIPURA CCPP | I3641: Natural Gas | J3641: 726.6 | K3641: 426 | L3641: 356.26 | M3641: 442.44 | N3641: =L3641-K3641 -> -69.74 | O3641: =IFERROR(L3641/K3641, 0) -> 0.83629108 | P3641: =IFERROR((L3641-M3641)/M3641, 0) -> -0.19478347 | Q3641: =IFERROR((L3641*1000)/(J3641*D3641*24), 0) -> 0.65902021

Sheet Pivot Analysis
A1: POWER GENERATION SUMMARY PIVOT TABLES
A5: 1. Monthly Generation (Target vs Actual) | E5: 2. Fuel Source Breakdown | I5: 3. Regional Grid Performance
A6: Month | B6: Target (MU) | C6: Actual Power (MU) | E6: Fuel_Type | F6: Actual Power (MU) | G6: Target (MU) | I6: Region | J6: Actual Power (MU) | K6: Target (MU)
A7: January | B7: 122595 | C7: 128009.19 | E7: Coal / Thermal | F7: 748751.53 | G7: 714098 | I7: Eastern Region | J7: 154429.5 | K7: 154080
A8: July | B8: 123954 | C8: 125054.42 | E8: Hydro | F8: 86352.33 | G8: 100034 | I8: North Eastern Region | J8: 11691.09 | K8: 15743
A9: August | B9: 130942 | C9: 137077.66 | E9: Natural Gas | F9: 18149.45 | G9: 17899 | I9: North Eastern Region Region | J9: 1602.62 | K9: 2127
A10: September | B10: 126633 | C10: 129669.07 | E10: Nuclear | F10: 30197.58 | G10: 27453 | I10: Northern Region | J10: 218245.86 | K10: 220063
A11: October | B11: 118985 | C11: 132992.63 | E11: Grand Total | F11: 883450.89 | G11: 859484 | I11: Southern Region | J11: 165906.33 | K11: 170867
A12: November | B12: 117524 | C12: 114712.75 | I12: Western Region | J12: 331575.49 | K12: 296604
A13: December | B13: 118851 | C13: 115935.17 | I13: Grand Total | J13: 883450.89 | K13: 859484
A14: Grand Total | B14: 859484 | C14: 883450.89

Sheet Dashboard
A1: INDIA POWER GENERATION DASHBOARD
A5: TOTAL ACTUAL GENERATION | D5: PLANNED TARGET | G5: TARGET FULFILLMENT RATE | J5: CLEAN & GAS SHARE
A6: =SUM('Clean Data'!$L$2:$L$3641) -> 883450.89 | D6: =SUM('Clean Data'!$K$2:$K$3641) -> 859484 | G6: =IFERROR(A6/D6, 0) -> 1.0278852 | J6: =(SUMIF('Clean Data'!$I$2:$I$3641, "Hydro", 'Clean Data'!$L$2:$L$3641) + SUMIF('Clean Data'!$I$2:$I$3641, "Nuclear", 'Clean Data'!$L$2:$L$3641) + SUMIF('Clean Data'!$I$2:$I$3641, "Natural Gas", 'Clean Data'!$L$2:$L$3641)) / A6 -> 0.15246955
A9: Month | B9: Target (MU) | C9: Actual (MU) | E9: Fuel Source | F9: Actual Power (MU)
A10: July | B10: =SUMIF('Clean Data'!$B$2:$B$3641, "2023-07", 'Clean Data'!$K$2:$K$3641) -> 123954 | C10: =SUMIF('Clean Data'!$B$2:$B$3641, "2023-07", 'Clean Data'!$L$2:$L$3641) -> 125054.42 | E10: Coal / Thermal | F10: =SUMIF('Clean Data'!$I$2:$I$3641, "Coal / Thermal", 'Clean Data'!$L$2:$L$3641) -> 748751.53
A11: August | B11: =SUMIF('Clean Data'!$B$2:$B$3641, "2023-08", 'Clean Data'!$K$2:$K$3641) -> 130942 | C11: =SUMIF('Clean Data'!$B$2:$B$3641, "2023-08", 'Clean Data'!$L$2:$L$3641) -> 137077.66 | E11: Hydro | F11: =SUMIF('Clean Data'!$I$2:$I$3641, "Hydro", 'Clean Data'!$L$2:$L$3641) -> 86352.33
A12: September | B12: =SUMIF('Clean Data'!$B$2:$B$3641, "2023-09", 'Clean Data'!$K$2:$K$3641) -> 126633 | C12: =SUMIF('Clean Data'!$B$2:$B$3641, "2023-09", 'Clean Data'!$L$2:$L$3641) -> 129669.07 | E12: Nuclear | F12: =SUMIF('Clean Data'!$I$2:$I$3641, "Nuclear", 'Clean Data'!$L$2:$L$3641) -> 30197.58
A13: October | B13: =SUMIF('Clean Data'!$B$2:$B$3641, "2023-10", 'Clean Data'!$K$2:$K$3641) -> 118985 | C13: =SUMIF('Clean Data'!$B$2:$B$3641, "2023-10", 'Clean Data'!$L$2:$L$3641) -> 132992.63 | E13: Natural Gas | F13: =SUMIF('Clean Data'!$I$2:$I$3641, "Natural Gas", 'Clean Data'!$L$2:$L$3641) -> 18149.45
A14: November | B14: =SUMIF('Clean Data'!$B$2:$B$3641, "2023-11", 'Clean Data'!$K$2:$K$3641) -> 117524 | C14: =SUMIF('Clean Data'!$B$2:$B$3641, "2023-11", 'Clean Data'!$L$2:$L$3641) -> 114712.75
A15: December | B15: =SUMIF('Clean Data'!$B$2:$B$3641, "2023-12", 'Clean Data'!$K$2:$K$3641) -> 118851 | C15: =SUMIF('Clean Data'!$B$2:$B$3641, "2023-12", 'Clean Data'!$L$2:$L$3641) -> 115935.17
A16: January | B16: =SUMIF('Clean Data'!$B$2:$B$3641, "2024-01", 'Clean Data'!$K$2:$K$3641) -> 122595 | C16: =SUMIF('Clean Data'!$B$2:$B$3641, "2024-01", 'Clean Data'!$L$2:$L$3641) -> 128009.19
A37: Grid Region | B37: Target (MU) | C37: Actual Power (MU) | D37: Target Met % | E37: National Share %
A38: Western Region | B38: =SUMIF('Clean Data'!$E$2:$E$3641, A38, 'Clean Data'!$K$2:$K$3641) -> 296604 | C38: =SUMIF('Clean Data'!$E$2:$E$3641, A38, 'Clean Data'!$L$2:$L$3641) -> 331575.49 | D38: =IFERROR(C38/B38, 0) -> 1.1179063 | E38: =IFERROR(C38/$C$43, 0) -> 0.37600061
A39: Northern Region | B39: =SUMIF('Clean Data'!$E$2:$E$3641, A39, 'Clean Data'!$K$2:$K$3641) -> 220063 | C39: =SUMIF('Clean Data'!$E$2:$E$3641, A39, 'Clean Data'!$L$2:$L$3641) -> 218245.86 | D39: =IFERROR(C39/B39, 0) -> 0.99174264 | E39: =IFERROR(C39/$C$43, 0) -> 0.24748686
A40: Southern Region | B40: =SUMIF('Clean Data'!$E$2:$E$3641, A40, 'Clean Data'!$K$2:$K$3641) -> 170867 | C40: =SUMIF('Clean Data'!$E$2:$E$3641, A40, 'Clean Data'!$L$2:$L$3641) -> 165906.33 | D40: =IFERROR(C40/B40, 0) -> 0.97096765 | E40: =IFERROR(C40/$C$43, 0) -> 0.18813478
A41: Eastern Region | B41: =SUMIF('Clean Data'!$E$2:$E$3641, A41, 'Clean Data'!$K$2:$K$3641) -> 154080 | C41: =SUMIF('Clean Data'!$E$2:$E$3641, A41, 'Clean Data'!$L$2:$L$3641) -> 154429.5 | D41: =IFERROR(C41/B41, 0) -> 1.0022683 | E41: =IFERROR(C41/$C$43, 0) -> 0.17512026
A42: North Eastern Region | B42: =SUMIF('Clean Data'!$E$2:$E$3641, A42, 'Clean Data'!$K$2:$K$3641) -> 15743 | C42: =SUMIF('Clean Data'!$E$2:$E$3641, A42, 'Clean Data'!$L$2:$L$3641) -> 11691.09 | D42: =IFERROR(C42/B42, 0) -> 0.74262148 | E42: =IFERROR(C42/$C$43, 0) -> 0.013257485
A43: NATIONAL TOTAL | B43: =SUM(B38:B42) -> 857357 | C43: =SUM(C38:C42) -> 881848.27 | D43: =IFERROR(C43/B43, 0) -> 1.028566 | E43: =SUM(E38:E42) -> 1
